{
    "+traits": [
        "texturepacks",
        "legacyLaunch"
    ],
    "assetIndex": {
        "id": "pre-1.6",
        "sha1": "4759bad2824e419da9db32861fcdc3a274336532",
        "size": 73813,
        "totalSize": 49381897,
        "url": "https://launchermeta.mojang.com/v1/packages/4759bad2824e419da9db32861fcdc3a274336532/pre-1.6.json"
    },
    "formatVersion": 1,
    "mainJar": {
        "downloads": {
            "artifact": {
                "sha1": "FB650F96FF98ECD312AA3E2D3E7C0A5FD452DCC3",
                "size": 3419349,
                "url": "https://www.oldschoolminecraft.com/launcher/new/OSM-MultiMC.jar"
            }
        },
        "name": "com.mojang:minecraft:osm:client"
    },
    "name": "Minecraft",
    "releaseTime": "2011-07-08T00:00:00+02:00",
    "requires": [
        {
            "suggests": "2.9.4-nightly-20150209",
            "uid": "org.lwjgl"
        }
    ],
    "type": "old_beta",
    "uid": "net.minecraft",
    "version": "osm"
}
